{"cameraMode":{"drawMode":0,"name":"Shaded","section":"Shading Mode"},"sceneLighting":false,"audioPlay":false,"sceneViewState":{"showFog":true,"showMaterialUpdate":false,"showSkybox":false,"showFlares":true,"showImageEffects":true,"showParticleSystems":true},"in2DMode":false,"pivot":{"x":14.995811462402344,"y":0.9560519456863403,"z":0.0},"rotation":{"x":-0.04198717698454857,"y":-0.006594691891223192,"z":0.0002773737069219351,"w":-0.9990963339805603},"size":6.260190010070801,"orthographic":false}