{"cameraMode":{"drawMode":0,"name":"Shaded","section":"Shading Mode"},"sceneLighting":true,"audioPlay":false,"sceneViewState":{"showFog":true,"showMaterialUpdate":false,"showSkybox":true,"showFlares":true,"showImageEffects":true,"showParticleSystems":true},"in2DMode":false,"pivot":{"x":10.474763870239258,"y":7.027647018432617,"z":-10.453126907348633},"rotation":{"x":0.04774334654211998,"y":-0.09932205826044083,"z":-0.0047708242200315,"w":-0.9938978552818298},"size":15.705617904663086,"orthographic":false}